SampleID,BarcodeSequence,LinkerPrimerSequence,BarcodePlate,Well,Date,Study,Event,Exp,LastFlush,Stag,Flush,Wall,Type,Location,Stag.Type,Stag.Loc,Wall.Type,Wall.Loc,RF.Sort
#q2:types,categorical,categorical,categorical,categorical,categorical,categorical,categorical,categorical,categorical,categorical,categorical,categorical,categorical,categorical,categorical,categorical,categorical,categorical,categorical
W.TB.211110,TGTGTTACTCCT,GTGTGYCAGCMGCCGCGGTAA,10,A1,11/10/2021,Baseline,B4,BL,Blank,Blank,,Blank,Blank,Blank,Blank,Blank,Blank,Blank,
W.FB.211110,CCATATCCCGGA,GTGTGYCAGCMGCCGCGGTAA,10,A2,11/10/2021,Baseline,B4,BL,Blank,Blank,,Blank,Blank,Blank,Blank,Blank,Blank,Blank,
W.MB.211110,TTGACGACATCG,GTGTGYCAGCMGCCGCGGTAA,10,A3,11/10/2021,Baseline,B4,BL,Blank,Blank,,Blank,Blank,Blank,Blank,Blank,Blank,Blank,
W0.211110,TACCAATCGGTG,GTGTGYCAGCMGCCGCGGTAA,10,A4,11/10/2021,Baseline,B4,BL,Influent,Influent.Baseline,,W0,Influent,W0,Influent,Influent,Influent,Influent,
W1.SE.211110,ATCTGGACGATC,GTGTGYCAGCMGCCGCGGTAA,10,A5,11/10/2021,Baseline,B4,BL,1-Day,Baseline,,W1,Softener,SE,Baseline.Softener,Baseline.SE,W1.Softener,W1.SE,
W2.SE.211110,ACTCGTGATAGC,GTGTGYCAGCMGCCGCGGTAA,10,A6,11/10/2021,Baseline,B4,BL,1-Day,Baseline,,W2,Softener,SE,Baseline.Softener,Baseline.SE,W2.Softener,W2.SE,
W3.SE.211110,ATGTGGCGTGTT,GTGTGYCAGCMGCCGCGGTAA,10,A7,11/10/2021,Baseline,B4,BL,1-Day,Baseline,,W3,Softener,SE,Baseline.Softener,Baseline.SE,W3.Softener,W3.SE,
W4.SE.211110,AGACATACCGTA,GTGTGYCAGCMGCCGCGGTAA,10,A8,11/10/2021,Baseline,B4,BL,1-Day,Baseline,,W4,Softener,SE,Baseline.Softener,Baseline.SE,W4.Softener,W4.SE,
W1.HE.211110,GTCCGCAAGTTA,GTGTGYCAGCMGCCGCGGTAA,15,A1,11/10/2021,Baseline,B4,BL,1-Day,Baseline,,W1,Tank,HE,Baseline.Tank,Baseline.HE,W1.Tank,W1.HE,
W2.HE.211110,AGTGAAATACTG,GTGTGYCAGCMGCCGCGGTAA,10,A10,11/10/2021,Baseline,B4,BL,1-Day,Baseline,,W2,Tank,HE,Baseline.Tank,Baseline.HE,W2.Tank,W2.HE,
W3.HE.211110,ACCTTCGCGCAC,GTGTGYCAGCMGCCGCGGTAA,10,A11,11/10/2021,Baseline,B4,BL,1-Day,Baseline,,W3,Tank,HE,Baseline.Tank,Baseline.HE,W3.Tank,W3.HE,
W4.HE.211110,GATTTAGAGGCT,GTGTGYCAGCMGCCGCGGTAA,10,A12,11/10/2021,Baseline,B4,BL,1-Day,Baseline,,W4,Tank,HE,Baseline.Tank,Baseline.HE,W4.Tank,W4.HE,
W1.A1.211110,AAGGCTGGGCAC,GTGTGYCAGCMGCCGCGGTAA,10,B1,11/10/2021,Baseline,B4,BL,1-Day,Baseline,,W1,Pipes,A,Baseline.Pipes,Baseline.A,W1.Pipes,W1.A,
W1.B1.211110,CGATAGGCCTTA,GTGTGYCAGCMGCCGCGGTAA,10,B2,11/10/2021,Baseline,B4,BL,1-Day,Baseline,,W1,Pipes,B,Baseline.Pipes,Baseline.B,W1.Pipes,W1.B,
W1.C1.211110,TAAGATGCAGTC,GTGTGYCAGCMGCCGCGGTAA,10,B3,11/10/2021,Baseline,B4,BL,1-Day,Baseline,,W1,Pipes,C,Baseline.Pipes,Baseline.C,W1.Pipes,W1.C,
W2.A1.211110,TCCGCAACCTGA,GTGTGYCAGCMGCCGCGGTAA,10,B4,11/10/2021,Baseline,B4,BL,1-Day,Baseline,,W2,Pipes,A,Baseline.Pipes,Baseline.A,W2.Pipes,W2.A,
W2.B1.211110,AGCCGACTCTGT,GTGTGYCAGCMGCCGCGGTAA,10,B5,11/10/2021,Baseline,B4,BL,1-Day,Baseline,,W2,Pipes,B,Baseline.Pipes,Baseline.B,W2.Pipes,W2.B,
W2.C1.211110,GTGTTCCCAGAA,GTGTGYCAGCMGCCGCGGTAA,10,B6,11/10/2021,Baseline,B4,BL,1-Day,Baseline,,W2,Pipes,C,Baseline.Pipes,Baseline.C,W2.Pipes,W2.C,
W3.A1.211110,CTCGAGCGTACT,GTGTGYCAGCMGCCGCGGTAA,10,B7,11/10/2021,Baseline,B4,BL,1-Day,Baseline,,W3,Pipes,A,Baseline.Pipes,Baseline.A,W3.Pipes,W3.A,
W3.B1.211110,GCTGTGATTCGA,GTGTGYCAGCMGCCGCGGTAA,10,B8,11/10/2021,Baseline,B4,BL,1-Day,Baseline,,W3,Pipes,B,Baseline.Pipes,Baseline.B,W3.Pipes,W3.B,
W3.C1.211110,CTGCCCTCGATG,GTGTGYCAGCMGCCGCGGTAA,10,B9,11/10/2021,Baseline,B4,BL,1-Day,Baseline,,W3,Pipes,C,Baseline.Pipes,Baseline.C,W3.Pipes,W3.C,
W4.A1.211110,TTGGGTACACGT,GTGTGYCAGCMGCCGCGGTAA,10,B10,11/10/2021,Baseline,B4,BL,1-Day,Baseline,,W4,Pipes,A,Baseline.Pipes,Baseline.A,W4.Pipes,W4.A,
W4.B1.211110,GATATCGATGAA,GTGTGYCAGCMGCCGCGGTAA,10,B11,11/10/2021,Baseline,B4,BL,1-Day,Baseline,,W4,Pipes,B,Baseline.Pipes,Baseline.B,W4.Pipes,W4.B,
W4.C1.211110,AACGCGAAATTC,GTGTGYCAGCMGCCGCGGTAA,10,B12,11/10/2021,Baseline,B4,BL,1-Day,Baseline,,W4,Pipes,C,Baseline.Pipes,Baseline.C,W4.Pipes,W4.C,
W.TFMBlank.211208,GTGAGCACGCAG,GTGTGYCAGCMGCCGCGGTAA,10,C1,12/8/2021,Stagnation,S0,ST.Start,Blank,Blank,,Blank,Blank,Blank,Blank,Blank,Blank,Blank,
W0.211208,CGATCGAACACT,GTGTGYCAGCMGCCGCGGTAA,10,C2,12/8/2021,Stagnation,S0,ST.Start,Influent,Influent.Start,,W0,Influent,W0,Influent,Influent,Influent,Influent,
W1.HE.211208,TTCGCTAACCTT,GTGTGYCAGCMGCCGCGGTAA,10,C3,12/8/2021,Stagnation,S0,ST.Start,1-Day,Start,,W1,Tank,HE,Start.Tank,Start.HE,W1.Tank,W1.HE,
W2.HE.211208,GCAGGGTCGAAC,GTGTGYCAGCMGCCGCGGTAA,10,C4,12/8/2021,Stagnation,S0,ST.Start,1-Day,Start,,W2,Tank,HE,Start.Tank,Start.HE,W2.Tank,W2.HE,
W3.HE.211208,TAGAGGCGTAGG,GTGTGYCAGCMGCCGCGGTAA,10,C5,12/8/2021,Stagnation,S0,ST.Start,1-Day,Start,,W3,Tank,HE,Start.Tank,Start.HE,W3.Tank,W3.HE,
W4.HE.211208,CAGGTAATAATG,GTGTGYCAGCMGCCGCGGTAA,10,C6,12/8/2021,Stagnation,S0,ST.Start,1-Day,Start,,W4,Tank,HE,Start.Tank,Start.HE,W4.Tank,W4.HE,
W1.A1.211208,GCCGAACGCCGA,GTGTGYCAGCMGCCGCGGTAA,10,C7,12/8/2021,Stagnation,S0,ST.Start,1-Day,Start,,W1,Pipes,A,Start.Pipes,Start.A,W1.Pipes,W1.A,
W1.B1.211208,GTCTAGTATTTC,GTGTGYCAGCMGCCGCGGTAA,10,C8,12/8/2021,Stagnation,S0,ST.Start,1-Day,Start,,W1,Pipes,B,Start.Pipes,Start.B,W1.Pipes,W1.B,
W1.C1.211208,AAGCATTGAGAT,GTGTGYCAGCMGCCGCGGTAA,10,C9,12/8/2021,Stagnation,S0,ST.Start,1-Day,Start,,W1,Pipes,C,Start.Pipes,Start.C,W1.Pipes,W1.C,
W2.A1.211208,CCGCTGATGTCA,GTGTGYCAGCMGCCGCGGTAA,10,C10,12/8/2021,Stagnation,S0,ST.Start,1-Day,Start,,W2,Pipes,A,Start.Pipes,Start.A,W2.Pipes,W2.A,
W2.BC.211208,ACCCTCAGCCCA,GTGTGYCAGCMGCCGCGGTAA,10,C11,12/8/2021,Stagnation,S0,ST.Start,1-Day,Start,,W2,Pipes,BC,Start.Pipes,Start.BC,W2.Pipes,W2.BC,
W3.A1.211208,GGTGACTAGTTC,GTGTGYCAGCMGCCGCGGTAA,10,C12,12/8/2021,Stagnation,S0,ST.Start,1-Day,Start,,W3,Pipes,A,Start.Pipes,Start.A,W3.Pipes,W3.A,
W3.B1.211208,CATACCGTGAGT,GTGTGYCAGCMGCCGCGGTAA,15,A3,12/8/2021,Stagnation,S0,ST.Start,1-Day,Start,,W3,Pipes,B,Start.Pipes,Start.B,W3.Pipes,W3.B,
W3.C1.211208,AGCTGCACCTAA,GTGTGYCAGCMGCCGCGGTAA,10,D2,12/8/2021,Stagnation,S0,ST.Start,1-Day,Start,,W3,Pipes,C,Start.Pipes,Start.C,W3.Pipes,W3.C,
W4.A1.211208,GGAGTGCCCGAA,GTGTGYCAGCMGCCGCGGTAA,10,D3,12/8/2021,Stagnation,S0,ST.Start,1-Day,Start,,W4,Pipes,A,Start.Pipes,Start.A,W4.Pipes,W4.A,
W4.B1.211208,CATGACGCCTCC,GTGTGYCAGCMGCCGCGGTAA,10,D4,12/8/2021,Stagnation,S0,ST.Start,1-Day,Start,,W4,Pipes,B,Start.Pipes,Start.B,W4.Pipes,W4.B,
W4.C1.211208,GTATTATGACTT,GTGTGYCAGCMGCCGCGGTAA,10,D5,12/8/2021,Stagnation,S0,ST.Start,1-Day,Start,,W4,Pipes,C,Start.Pipes,Start.C,W4.Pipes,W4.C,
Ext.Blank_M1,CATAATCTTGCT,GTGTGYCAGCMGCCGCGGTAA,10,D6,12/8/2021,Stagnation,S0,ST.Start,Blank,Blank,,Blank,Blank,Blank,Blank,Blank,Blank,Blank,
W.TFMBlank.220105,TGCGTGGGTGGA,GTGTGYCAGCMGCCGCGGTAA,10,D7,1/5/2022,Stagnation,S1,ST,Blank,Blank,,Blank,Blank,Blank,Blank,Blank,Blank,Blank,
W0.220105,ACTATATTAGCT,GTGTGYCAGCMGCCGCGGTAA,10,D8,1/5/2022,Stagnation,S1,ST,Influent,Influent,,W0,Influent,W0,Influent,Influent,Influent,Influent,
W1.HE.220105,TTCTGGTCTTGT,GTGTGYCAGCMGCCGCGGTAA,10,D9,1/5/2022,Stagnation,S1,ST,1-Day,Daily,,W1,Tank,HE,Daily.Tank,Daily.HE,W1.Tank,W1.HE,
W2.HE.220105,TCCAGGGCTATA,GTGTGYCAGCMGCCGCGGTAA,10,D10,1/5/2022,Stagnation,S1,ST,4-Week,Monthly,,W2,Tank,HE,Monthly.Tank,Monthly.HE,W2.Tank,W2.HE,
W3.HE.220105,GACTATAATGGC,GTGTGYCAGCMGCCGCGGTAA,10,D11,1/5/2022,Stagnation,S1,ST,1-Week,Weekly,,W3,Tank,HE,Weekly.Tank,Weekly.HE,W3.Tank,W3.HE,
W4.HE.220105,ATCACCAGGTGT,GTGTGYCAGCMGCCGCGGTAA,10,D12,1/5/2022,Stagnation,S1,ST,2-Week,Biweekly,,W4,Tank,HE,Biweekly.Tank,Biweekly.HE,W4.Tank,W4.HE,
W1.A1.220105,AATTGAATTTAC,GTGTGYCAGCMGCCGCGGTAA,10,E1,1/5/2022,Stagnation,S1,ST,1-Day,Daily,,W1,Pipes,A,Daily.Pipes,Daily.A,W1.Pipes,W1.A,
W1.B1.220105,AGGAAAGCCAGA,GTGTGYCAGCMGCCGCGGTAA,10,E2,1/5/2022,Stagnation,S1,ST,1-Day,Daily,,W1,Pipes,B,Daily.Pipes,Daily.B,W1.Pipes,W1.B,
W1.C1.220105,CCTAACGGTCCA,GTGTGYCAGCMGCCGCGGTAA,1,A4,1/5/2022,Stagnation,S1,ST,1-Day,Daily,,W1,Pipes,C,Daily.Pipes,Daily.C,W1.Pipes,W1.C,
W2.A1.220105,GAGGGTTGTCGG,GTGTGYCAGCMGCCGCGGTAA,10,E4,1/5/2022,Stagnation,S1,ST,4-Week,Monthly,,W2,Pipes,A,Monthly.Pipes,Monthly.A,W2.Pipes,W2.A,
W2.B1.220105,CGCGCCTTAAAC,GTGTGYCAGCMGCCGCGGTAA,1,A5,1/5/2022,Stagnation,S1,ST,4-Week,Monthly,,W2,Pipes,B,Monthly.Pipes,Monthly.B,W2.Pipes,W2.B,
W2.C1.220105,AGTAAGTCGATA,GTGTGYCAGCMGCCGCGGTAA,10,E6,1/5/2022,Stagnation,S1,ST,4-Week,Monthly,,W2,Pipes,C,Monthly.Pipes,Monthly.C,W2.Pipes,W2.C,
W3.A1.220105,TTGGGCCACATA,GTGTGYCAGCMGCCGCGGTAA,10,E7,1/5/2022,Stagnation,S1,ST,1-Week,Weekly,,W3,Pipes,A,Weekly.Pipes,Weekly.A,W3.Pipes,W3.A,
W3.B1.220105,TCTATCTGGCTT,GTGTGYCAGCMGCCGCGGTAA,10,E8,1/5/2022,Stagnation,S1,ST,1-Week,Weekly,,W3,Pipes,B,Weekly.Pipes,Weekly.B,W3.Pipes,W3.B,
W3.C1.220105,ATACCTAAATAT,GTGTGYCAGCMGCCGCGGTAA,10,E9,1/5/2022,Stagnation,S1,ST,1-Week,Weekly,,W3,Pipes,C,Weekly.Pipes,Weekly.C,W3.Pipes,W3.C,
W4.A1.220105,GCCTGCAGTACT,GTGTGYCAGCMGCCGCGGTAA,10,E10,1/5/2022,Stagnation,S1,ST,2-Week,Biweekly,,W4,Pipes,A,Biweekly.Pipes,Biweekly.A,W4.Pipes,W4.A,
W4.B1.220105,ATGGTTCACCCG,GTGTGYCAGCMGCCGCGGTAA,10,E11,1/5/2022,Stagnation,S1,ST,2-Week,Biweekly,,W4,Pipes,B,Biweekly.Pipes,Biweekly.B,W4.Pipes,W4.B,
W4.C1.220105,CCGTGGACCAGG,GTGTGYCAGCMGCCGCGGTAA,10,E12,1/5/2022,Stagnation,S1,ST,2-Week,Biweekly,,W4,Pipes,C,Biweekly.Pipes,Biweekly.C,W4.Pipes,W4.C,
Ext.blank_M2_M3,GTCCCTATTATC,GTGTGYCAGCMGCCGCGGTAA,10,F1,1/5/2022,Stagnation,S1,ST,Blank,Blank,,Blank,Blank,Blank,Blank,Blank,Blank,Blank,
W.TFMBlank.220201,GCGACGCGGCAT,GTGTGYCAGCMGCCGCGGTAA,10,F2,2/1/2022,Stagnation,S2,ST,Blank,Blank,,Blank,Blank,Blank,Blank,Blank,Blank,Blank,
W0.220201,TATGGTACCCAG,GTGTGYCAGCMGCCGCGGTAA,1,A6,2/1/2022,Stagnation,S2,ST,Influent,Influent,,W0,Influent,W0,Influent,Influent,Influent,Influent,
W1.HE.220201,CCAGGTTAATGC,GTGTGYCAGCMGCCGCGGTAA,10,F4,2/1/2022,Stagnation,S2,ST,1-Day,Daily,,W1,Tank,HE,Daily.Tank,Daily.HE,W1.Tank,W1.HE,
W2.HE.220201,CGACGAGATTAT,GTGTGYCAGCMGCCGCGGTAA,10,F5,2/1/2022,Stagnation,S2,ST,2-Week,Biweekly,,W2,Tank,HE,Biweekly.Tank,Biweekly.HE,W2.Tank,W2.HE,
W3.HE.220201,GCTACAAGCCCT,GTGTGYCAGCMGCCGCGGTAA,10,F6,2/1/2022,Stagnation,S2,ST,1-Week,Weekly,,W3,Tank,HE,Weekly.Tank,Weekly.HE,W3.Tank,W3.HE,
W4.HE.220201,GCACATAGTCGT,GTGTGYCAGCMGCCGCGGTAA,10,F7,2/1/2022,Stagnation,S2,ST,4-Week,Monthly,,W4,Tank,HE,Monthly.Tank,Monthly.HE,W4.Tank,W4.HE,
W1.A1.220201,AGCCACCCGGGA,GTGTGYCAGCMGCCGCGGTAA,10,F8,2/1/2022,Stagnation,S2,ST,1-Day,Daily,,W1,Pipes,A,Daily.Pipes,Daily.A,W1.Pipes,W1.A,
W1.B1.220201,ATGTCTTCAACT,GTGTGYCAGCMGCCGCGGTAA,10,F9,2/1/2022,Stagnation,S2,ST,1-Day,Daily,,W1,Pipes,B,Daily.Pipes,Daily.B,W1.Pipes,W1.B,
W1.C1.220201,ACGCACATACAA,GTGTGYCAGCMGCCGCGGTAA,10,F10,2/1/2022,Stagnation,S2,ST,1-Day,Daily,,W1,Pipes,C,Daily.Pipes,Daily.C,W1.Pipes,W1.C,
W2.A1.220201,ATGTCCGACCAA,GTGTGYCAGCMGCCGCGGTAA,10,F11,2/1/2022,Stagnation,S2,ST,2-Week,Biweekly,,W2,Pipes,A,Biweekly.Pipes,Biweekly.A,W2.Pipes,W2.A,
W2.B1.220201,ATTTCGACCCGG,GTGTGYCAGCMGCCGCGGTAA,10,F12,2/1/2022,Stagnation,S2,ST,2-Week,Biweekly,,W2,Pipes,B,Biweekly.Pipes,Biweekly.B,W2.Pipes,W2.B,
W2.C1.220201,GGAGTTGAGGTG,GTGTGYCAGCMGCCGCGGTAA,10,G1,2/1/2022,Stagnation,S2,ST,2-Week,Biweekly,,W2,Pipes,C,Biweekly.Pipes,Biweekly.C,W2.Pipes,W2.C,
W3.A1.220201,GCGCAATAGTAT,GTGTGYCAGCMGCCGCGGTAA,10,G2,2/1/2022,Stagnation,S2,ST,1-Week,Weekly,,W3,Pipes,A,Weekly.Pipes,Weekly.A,W3.Pipes,W3.A,
W3.B1.220201,CACATATTGGGC,GTGTGYCAGCMGCCGCGGTAA,10,G3,2/1/2022,Stagnation,S2,ST,1-Week,Weekly,,W3,Pipes,B,Weekly.Pipes,Weekly.B,W3.Pipes,W3.B,
W3.C1.220201,CATGTTGGAACA,GTGTGYCAGCMGCCGCGGTAA,10,G4,2/1/2022,Stagnation,S2,ST,1-Week,Weekly,,W3,Pipes,C,Weekly.Pipes,Weekly.C,W3.Pipes,W3.C,
W4.AB.220201,ACCCGACGGGAC,GTGTGYCAGCMGCCGCGGTAA,10,G5,2/1/2022,Stagnation,S2,ST,4-Week,Monthly,,W4,Pipes,AB,Monthly.Pipes,Monthly.AB,W4.Pipes,W4.AB,
W4.C1.220201,AGGTCATCTTGG,GTGTGYCAGCMGCCGCGGTAA,10,G6,2/1/2022,Stagnation,S2,ST,4-Week,Monthly,,W4,Pipes,C,Monthly.Pipes,Monthly.C,W4.Pipes,W4.C,
W.TFMBlank.220302,CTCTCGGCGTAA,GTGTGYCAGCMGCCGCGGTAA,10,G7,3/2/2022,Stagnation,S3,ST,Blank,Blank,,Blank,Blank,Blank,Blank,Blank,Blank,Blank,
W0.220302,CGAGATAGTTTG,GTGTGYCAGCMGCCGCGGTAA,10,G8,3/2/2022,Stagnation,S3,ST,Influent,Influent,,W0,Influent,W0,Influent,Influent,Influent,Influent,
W1.HE.220302,CTGCAAGCCTGT,GTGTGYCAGCMGCCGCGGTAA,10,G9,3/2/2022,Stagnation,S3,ST,1-Day,Daily,,W1,Tank,HE,Daily.Tank,Daily.HE,W1.Tank,W1.HE,
W2.HE.220302,GTTCAACAGCTG,GTGTGYCAGCMGCCGCGGTAA,10,G10,3/2/2022,Stagnation,S3,ST,4-Week,Monthly,,W2,Tank,HE,Monthly.Tank,Monthly.HE,W2.Tank,W2.HE,
W3.HE.220302,GCCTCTACGTCG,GTGTGYCAGCMGCCGCGGTAA,1,A10,3/2/2022,Stagnation,S3,ST,1-Week,Weekly,,W3,Tank,HE,Weekly.Tank,Weekly.HE,W3.Tank,W3.HE,
W4.HE.220302,ACTACTGAGGAT,GTGTGYCAGCMGCCGCGGTAA,1,A11,3/2/2022,Stagnation,S3,ST,2-Week,Biweekly,,W4,Tank,HE,Biweekly.Tank,Biweekly.HE,W4.Tank,W4.HE,
W1.A1.220302,CTACTAGCGGTA,GTGTGYCAGCMGCCGCGGTAA,15,B1,3/2/2022,Stagnation,S3,ST,1-Day,Daily,,W1,Pipes,A,Daily.Pipes,Daily.A,W1.Pipes,W1.A,
W1.B1.220302,AGACGACGTGGA,GTGTGYCAGCMGCCGCGGTAA,10,H2,3/2/2022,Stagnation,S3,ST,1-Day,Daily,,W1,Pipes,B,Daily.Pipes,Daily.B,W1.Pipes,W1.B,
W1.C1.220302,ACTTCATCGTAT,GTGTGYCAGCMGCCGCGGTAA,10,H3,3/2/2022,Stagnation,S3,ST,1-Day,Daily,,W1,Pipes,C,Daily.Pipes,Daily.C,W1.Pipes,W1.C,
W2.A1.220302,TTCCTTAGTAGT,GTGTGYCAGCMGCCGCGGTAA,1,B4,3/2/2022,Stagnation,S3,ST,4-Week,Monthly,,W2,Pipes,A,Monthly.Pipes,Monthly.A,W2.Pipes,W2.A,
W2.B1.220302,TCCTCCGGTTGG,GTGTGYCAGCMGCCGCGGTAA,10,H5,3/2/2022,Stagnation,S3,ST,4-Week,Monthly,,W2,Pipes,B,Monthly.Pipes,Monthly.B,W2.Pipes,W2.B,
W2.C1.220302,CGTCCGTATGAA,GTGTGYCAGCMGCCGCGGTAA,1,B5,3/2/2022,Stagnation,S3,ST,4-Week,Monthly,,W2,Pipes,C,Monthly.Pipes,Monthly.C,W2.Pipes,W2.C,
W3.A1.220302,CGACCGGTGAAG,GTGTGYCAGCMGCCGCGGTAA,10,H7,3/2/2022,Stagnation,S3,ST,1-Week,Weekly,,W3,Pipes,A,Weekly.Pipes,Weekly.A,W3.Pipes,W3.A,
W3.B1.220302,CCTCTCGGGTTG,GTGTGYCAGCMGCCGCGGTAA,10,H8,3/2/2022,Stagnation,S3,ST,1-Week,Weekly,,W3,Pipes,B,Weekly.Pipes,Weekly.B,W3.Pipes,W3.B,
W3.C1.220302,GGTTGCCCTGTA,GTGTGYCAGCMGCCGCGGTAA,1,B7,3/2/2022,Stagnation,S3,ST,1-Week,Weekly,,W3,Pipes,C,Weekly.Pipes,Weekly.C,W3.Pipes,W3.C,
W4.A1.220302,ATCTTGGAGTCG,GTGTGYCAGCMGCCGCGGTAA,10,H10,3/2/2022,Stagnation,S3,ST,2-Week,Biweekly,,W4,Pipes,A,Biweekly.Pipes,Biweekly.A,W4.Pipes,W4.A,
W4.B1.220302,GCCTATGAGATC,GTGTGYCAGCMGCCGCGGTAA,1,B9,3/2/2022,Stagnation,S3,ST,2-Week,Biweekly,,W4,Pipes,B,Biweekly.Pipes,Biweekly.B,W4.Pipes,W4.B,
W4.C1.220302,TCGTAAGCCGTC,GTGTGYCAGCMGCCGCGGTAA,15,B10,3/2/2022,Stagnation,S3,ST,2-Week,Biweekly,,W4,Pipes,C,Biweekly.Pipes,Biweekly.C,W4.Pipes,W4.C,
Ext.blank_M4_M5,CCGCCGTAGGGC,GTGTGYCAGCMGCCGCGGTAA,12,A1,3/2/2022,Stagnation,S3,ST,Blank,Blank,,Blank,Blank,Blank,Blank,Blank,Blank,Blank,
W.TFMBlank.220330,ACGCGTGCCCGG,GTGTGYCAGCMGCCGCGGTAA,12,A2,3/30/2022,Stagnation,S4,ST,Blank,Blank,,Blank,Blank,Blank,Blank,Blank,Blank,Blank,
W0.220330,CACTTAAGAGAA,GTGTGYCAGCMGCCGCGGTAA,12,A3,3/30/2022,Stagnation,S4,ST,Influent,Influent,,W0,Influent,W0,Influent,Influent,Influent,Influent,
W1.HE.220330,CAGAAGGTGTGG,GTGTGYCAGCMGCCGCGGTAA,12,A4,3/30/2022,Stagnation,S4,ST,1-Day,Daily,,W1,Tank,HE,Daily.Tank,Daily.HE,W1.Tank,W1.HE,
W2.HE.220330,GAGCCTCCCTCC,GTGTGYCAGCMGCCGCGGTAA,12,A5,3/30/2022,Stagnation,S4,ST,2-Week,Biweekly,,W2,Tank,HE,Biweekly.Tank,Biweekly.HE,W2.Tank,W2.HE,
W3.HE.220330,ACTTTCTTCGAA,GTGTGYCAGCMGCCGCGGTAA,12,A6,3/30/2022,Stagnation,S4,ST,1-Week,Weekly,,W3,Tank,HE,Weekly.Tank,Weekly.HE,W3.Tank,W3.HE,
W4.HE.220330,CGCCGCCAGGTG,GTGTGYCAGCMGCCGCGGTAA,12,A7,3/30/2022,Stagnation,S4,ST,4-Week,Monthly,,W4,Tank,HE,Monthly.Tank,Monthly.HE,W4.Tank,W4.HE,
W1.AB.220330,CGACTGCAGCTT,GTGTGYCAGCMGCCGCGGTAA,12,A8,3/30/2022,Stagnation,S4,ST,1-Day,Daily,,W1,Pipes,AB,Daily.Pipes,Daily.AB,W1.Pipes,W1.AB,
W1.C1.220330,ACCGTCTTTCTC,GTGTGYCAGCMGCCGCGGTAA,12,A9,3/30/2022,Stagnation,S4,ST,1-Day,Daily,,W1,Pipes,C,Daily.Pipes,Daily.C,W1.Pipes,W1.C,
W2.A1.220330,ATTACTACACTC,GTGTGYCAGCMGCCGCGGTAA,12,A10,3/30/2022,Stagnation,S4,ST,2-Week,Biweekly,,W2,Pipes,A,Biweekly.Pipes,Biweekly.A,W2.Pipes,W2.A,
W2.B1.220330,ATTTAATCATCG,GTGTGYCAGCMGCCGCGGTAA,12,A11,3/30/2022,Stagnation,S4,ST,2-Week,Biweekly,,W2,Pipes,B,Biweekly.Pipes,Biweekly.B,W2.Pipes,W2.B,
W2.C1.220330,TCGTGACGCTAA,GTGTGYCAGCMGCCGCGGTAA,12,A12,3/30/2022,Stagnation,S4,ST,2-Week,Biweekly,,W2,Pipes,C,Biweekly.Pipes,Biweekly.C,W2.Pipes,W2.C,
W3.A1.220330,GTCCACTTGGAC,GTGTGYCAGCMGCCGCGGTAA,12,B1,3/30/2022,Stagnation,S4,ST,1-Week,Weekly,,W3,Pipes,A,Weekly.Pipes,Weekly.A,W3.Pipes,W3.A,
W3.B1.220330,TCAAACTTTCGT,GTGTGYCAGCMGCCGCGGTAA,12,B2,3/30/2022,Stagnation,S4,ST,1-Week,Weekly,,W3,Pipes,B,Weekly.Pipes,Weekly.B,W3.Pipes,W3.B,
W3.C1.220330,AGGTACGCAATT,GTGTGYCAGCMGCCGCGGTAA,12,B3,3/30/2022,Stagnation,S4,ST,1-Week,Weekly,,W3,Pipes,C,Weekly.Pipes,Weekly.C,W3.Pipes,W3.C,
W4.A1.220330,CGTGGAAGACGA,GTGTGYCAGCMGCCGCGGTAA,12,B4,3/30/2022,Stagnation,S4,ST,4-Week,Monthly,,W4,Pipes,A,Monthly.Pipes,Monthly.A,W4.Pipes,W4.A,
W4.B1.220330,GAATAAGCTGAT,GTGTGYCAGCMGCCGCGGTAA,12,B5,3/30/2022,Stagnation,S4,ST,4-Week,Monthly,,W4,Pipes,B,Monthly.Pipes,Monthly.B,W4.Pipes,W4.B,
W4.C1.220330,AGAATAGCGCTT,GTGTGYCAGCMGCCGCGGTAA,12,B6,3/30/2022,Stagnation,S4,ST,4-Week,Monthly,,W4,Pipes,C,Monthly.Pipes,Monthly.C,W4.Pipes,W4.C,
W.TFMBlank.220427,AGGTCCAAATCA,GTGTGYCAGCMGCCGCGGTAA,12,B7,4/27/2022,Stagnation,S5,ST,Blank,Blank,,Blank,Blank,Blank,Blank,Blank,Blank,Blank,
W0.220427,AACGAATACCAC,GTGTGYCAGCMGCCGCGGTAA,12,B8,4/27/2022,Stagnation,S5,ST,Influent,Influent,,W0,Influent,W0,Influent,Influent,Influent,Influent,
W1.HE.220427,CTCGACTGCCTG,GTGTGYCAGCMGCCGCGGTAA,12,B9,4/27/2022,Stagnation,S5,ST,1-Day,Daily,,W1,Tank,HE,Daily.Tank,Daily.HE,W1.Tank,W1.HE,
W2.HE.220427,AGAAACAGCTCT,GTGTGYCAGCMGCCGCGGTAA,12,B10,4/27/2022,Stagnation,S5,ST,4-Week,Monthly,,W2,Tank,HE,Monthly.Tank,Monthly.HE,W2.Tank,W2.HE,
W3.HE.220427,TGCGCAAAGGAG,GTGTGYCAGCMGCCGCGGTAA,12,B11,4/27/2022,Stagnation,S5,ST,1-Week,Weekly,,W3,Tank,HE,Weekly.Tank,Weekly.HE,W3.Tank,W3.HE,
W4.HE.220427,CCGAAGATTCTG,GTGTGYCAGCMGCCGCGGTAA,12,B12,4/27/2022,Stagnation,S5,ST,2-Week,Biweekly,,W4,Tank,HE,Biweekly.Tank,Biweekly.HE,W4.Tank,W4.HE,
W1.A1.220427,GCAGGCCCACGA,GTGTGYCAGCMGCCGCGGTAA,12,C1,4/27/2022,Stagnation,S5,ST,1-Day,Daily,,W1,Pipes,A,Daily.Pipes,Daily.A,W1.Pipes,W1.A,
W1.B1.220427,ATGAATGCGTCC,GTGTGYCAGCMGCCGCGGTAA,12,C2,4/27/2022,Stagnation,S5,ST,1-Day,Daily,,W1,Pipes,B,Daily.Pipes,Daily.B,W1.Pipes,W1.B,
W1.C1.220427,CGGTTCACATAG,GTGTGYCAGCMGCCGCGGTAA,12,C3,4/27/2022,Stagnation,S5,ST,1-Day,Daily,,W1,Pipes,C,Daily.Pipes,Daily.C,W1.Pipes,W1.C,
W2.A1.220427,CAGAGGCAGGCT,GTGTGYCAGCMGCCGCGGTAA,12,C4,4/27/2022,Stagnation,S5,ST,4-Week,Monthly,,W2,Pipes,A,Monthly.Pipes,Monthly.A,W2.Pipes,W2.A,
W2.B1.220427,GAGGCTGATTTA,GTGTGYCAGCMGCCGCGGTAA,12,C5,4/27/2022,Stagnation,S5,ST,4-Week,Monthly,,W2,Pipes,B,Monthly.Pipes,Monthly.B,W2.Pipes,W2.B,
W2.C1.220427,TGAGCTGCGGGA,GTGTGYCAGCMGCCGCGGTAA,12,C6,4/27/2022,Stagnation,S5,ST,4-Week,Monthly,,W2,Pipes,C,Monthly.Pipes,Monthly.C,W2.Pipes,W2.C,
W3.A1.220427,TAGTTGAGCTGA,GTGTGYCAGCMGCCGCGGTAA,12,C7,4/27/2022,Stagnation,S5,ST,1-Week,Weekly,,W3,Pipes,A,Weekly.Pipes,Weekly.A,W3.Pipes,W3.A,
W3.B1.220427,CCATTAGTTCCT,GTGTGYCAGCMGCCGCGGTAA,12,C8,4/27/2022,Stagnation,S5,ST,1-Week,Weekly,,W3,Pipes,B,Weekly.Pipes,Weekly.B,W3.Pipes,W3.B,
W3.C1.220427,TTGATAGTCTTA,GTGTGYCAGCMGCCGCGGTAA,12,C9,4/27/2022,Stagnation,S5,ST,1-Week,Weekly,,W3,Pipes,C,Weekly.Pipes,Weekly.C,W3.Pipes,W3.C,
W4.A1.220427,CGCCCTCTTCTT,GTGTGYCAGCMGCCGCGGTAA,12,C10,4/27/2022,Stagnation,S5,ST,2-Week,Biweekly,,W4,Pipes,A,Biweekly.Pipes,Biweekly.A,W4.Pipes,W4.A,
W4.B1.220427,TCACCTCCTTGT,GTGTGYCAGCMGCCGCGGTAA,12,C11,4/27/2022,Stagnation,S5,ST,2-Week,Biweekly,,W4,Pipes,B,Biweekly.Pipes,Biweekly.B,W4.Pipes,W4.B,
W4.C1.220427,CGGTGCGAAAGC,GTGTGYCAGCMGCCGCGGTAA,12,C12,4/27/2022,Stagnation,S5,ST,2-Week,Biweekly,,W4,Pipes,C,Biweekly.Pipes,Biweekly.C,W4.Pipes,W4.C,
Ext.blank_M6_S1,ACAGAGAATTAC,GTGTGYCAGCMGCCGCGGTAA,12,D1,4/27/2022,Flushing,S5,ST,Blank,Blank,,Blank,Blank,Blank,Blank,Blank,Blank,Blank,
W.TB.220525,CGGGCACCGGTC,GTGTGYCAGCMGCCGCGGTAA,12,D2,5/25/2022,Flushing,F0,AS,Blank,Blank,,Blank,Blank,Blank,Blank,Blank,Blank,Blank,
W.FB.220525,GTGTACATAACG,GTGTGYCAGCMGCCGCGGTAA,12,D3,5/25/2022,Flushing,F0,AS,Blank,Blank,,Blank,Blank,Blank,Blank,Blank,Blank,Blank,
W0.220525,TTCTTTGCAATG,GTGTGYCAGCMGCCGCGGTAA,12,D4,5/25/2022,Flushing,F0,AS,Influent,Influent,,W0,Influent,W0,Influent,Influent,Influent,Influent,
W1.HE.220525,GACTTATGCCCG,GTGTGYCAGCMGCCGCGGTAA,12,D5,5/25/2022,Flushing,F0,AS,1-Day,Daily,,W1,Tank,HE,Daily.Tank,Daily.HE,W1.Tank,W1.HE,
W2.HE.220525,GACTAGTCAGCT,GTGTGYCAGCMGCCGCGGTAA,12,D6,5/25/2022,Flushing,F0,AS,4-Week,Stag,,W2,Tank,HE,Stag.Tank,Stag.HE,W2.Tank,W2.HE,
W3.HE.220525,CGTCTTTGATAT,GTGTGYCAGCMGCCGCGGTAA,12,D7,5/25/2022,Flushing,F0,AS,1-Week,Weekly,,W3,Tank,HE,Weekly.Tank,Weekly.HE,W3.Tank,W3.HE,
W4.HE.220525,CAGTGATACTGC,GTGTGYCAGCMGCCGCGGTAA,12,D8,5/25/2022,Flushing,F0,AS,4-Week,Stag,,W4,Tank,HE,Stag.Tank,Stag.HE,W4.Tank,W4.HE,
W1.A1.220525,ATAGATCAGAAC,GTGTGYCAGCMGCCGCGGTAA,12,D9,5/25/2022,Flushing,F0,AS,1-Day,Daily,,W1,Pipes,A,Daily.Pipes,Daily.A,W1.Pipes,W1.A,
W1.B1.220525,AAGGACCGTTTC,GTGTGYCAGCMGCCGCGGTAA,12,D10,5/25/2022,Flushing,F0,AS,1-Day,Daily,,W1,Pipes,B,Daily.Pipes,Daily.B,W1.Pipes,W1.B,
W1.C1.220525,GCGTCTCGTCCA,GTGTGYCAGCMGCCGCGGTAA,12,D11,5/25/2022,Flushing,F0,AS,1-Day,Daily,,W1,Pipes,C,Daily.Pipes,Daily.C,W1.Pipes,W1.C,
W2.A1.220525,CCGCTACGTGAT,GTGTGYCAGCMGCCGCGGTAA,12,D12,5/25/2022,Flushing,F0,AS,4-Week,Stag,,W2,Pipes,A,Stag.Pipes,Stag.A,W2.Pipes,W2.A,
W2.B1.220525,TAGCAAGGTATA,GTGTGYCAGCMGCCGCGGTAA,12,E1,5/25/2022,Flushing,F0,AS,4-Week,Stag,,W2,Pipes,B,Stag.Pipes,Stag.B,W2.Pipes,W2.B,
W2.C1.220525,CGGGACACCCGA,GTGTGYCAGCMGCCGCGGTAA,1,C2,5/25/2022,Flushing,F0,AS,4-Week,Stag,,W2,Pipes,C,Stag.Pipes,Stag.C,W2.Pipes,W2.C,
W3.A1.220525,CTGTCTATACTA,GTGTGYCAGCMGCCGCGGTAA,1,C3,5/25/2022,Flushing,F0,AS,1-Week,Weekly,,W3,Pipes,A,Weekly.Pipes,Weekly.A,W3.Pipes,W3.A,
W3.B1.220525,TATGCCAGAGAT,GTGTGYCAGCMGCCGCGGTAA,1,C4,5/25/2022,Flushing,F0,AS,1-Week,Weekly,,W3,Pipes,B,Weekly.Pipes,Weekly.B,W3.Pipes,W3.B,
W3.C1.220525,CGTTTGGAATGA,GTGTGYCAGCMGCCGCGGTAA,1,C5,5/25/2022,Flushing,F0,AS,1-Week,Weekly,,W3,Pipes,C,Weekly.Pipes,Weekly.C,W3.Pipes,W3.C,
W4.A1.220525,AAGAACTCATGA,GTGTGYCAGCMGCCGCGGTAA,1,C6,5/25/2022,Flushing,F0,AS,4-Week,Stag,,W4,Pipes,A,Stag.Pipes,Stag.A,W4.Pipes,W4.A,
W4.B1.220525,TGATATCGTCTT,GTGTGYCAGCMGCCGCGGTAA,1,C7,5/25/2022,Flushing,F0,AS,4-Week,Stag,,W4,Pipes,B,Stag.Pipes,Stag.B,W4.Pipes,W4.B,
W4.C1.220525,CGGTGACCTACT,GTGTGYCAGCMGCCGCGGTAA,1,C8,5/25/2022,Flushing,F0,AS,4-Week,Stag,,W4,Pipes,C,Stag.Pipes,Stag.C,W4.Pipes,W4.C,
W.TFBlank.220526,AGTCCTTTATCC,GTGTGYCAGCMGCCGCGGTAA,12,E9,5/26/2022,Flushing,F1,AS.ND,Blank,,,Blank,Blank,Blank,,,Blank,Blank,
W0.220526,GTAGCACTCATG,GTGTGYCAGCMGCCGCGGTAA,12,E10,5/26/2022,Flushing,F1,AS.ND,Influent,,,W0,Influent,W0,,,Influent,Influent,
W1.HE.220526,TTGAATCCTAAT,GTGTGYCAGCMGCCGCGGTAA,12,E11,5/26/2022,Flushing,F1,AS.ND,1-Day,,,W1,Tank,HE,,,W1.Tank,W1.HE,
W2.HE.220526,GACAAGAAGGTG,GTGTGYCAGCMGCCGCGGTAA,12,E12,5/26/2022,Flushing,F1,AS.ND,1-Day,,,W2,Tank,HE,,,W2.Tank,W2.HE,
W3.HE.220526,AATGCGCGTATA,GTGTGYCAGCMGCCGCGGTAA,1,C9,5/26/2022,Flushing,F1,AS.ND,1-Day,,,W3,Tank,HE,,,W3.Tank,W3.HE,
W4.HE.220526,CCTGTAGGTTGC,GTGTGYCAGCMGCCGCGGTAA,12,F2,5/26/2022,Flushing,F1,AS.ND,1-Day,,,W4,Tank,HE,,,W4.Tank,W4.HE,
W1.A1.220526,TACGTCGTTATT,GTGTGYCAGCMGCCGCGGTAA,12,F3,5/26/2022,Flushing,F1,AS.ND,1-Day,,,W1,Pipes,A,,,W1.Pipes,W1.A,
W1.B1.220526,GAGTAGGGCACC,GTGTGYCAGCMGCCGCGGTAA,12,F4,5/26/2022,Flushing,F1,AS.ND,1-Day,,,W1,Pipes,B,,,W1.Pipes,W1.B,
W1.C1.220526,CATTACTTATGC,GTGTGYCAGCMGCCGCGGTAA,12,F5,5/26/2022,Flushing,F1,AS.ND,1-Day,,,W1,Pipes,C,,,W1.Pipes,W1.C,
W2.A1.220526,CACGTCGCGGAG,GTGTGYCAGCMGCCGCGGTAA,12,F6,5/26/2022,Flushing,F1,AS.ND,1-Day,,,W2,Pipes,A,,,W2.Pipes,W2.A,
W2.B1.220526,CGTTACCGGACT,GTGTGYCAGCMGCCGCGGTAA,12,F7,5/26/2022,Flushing,F1,AS.ND,1-Day,,,W2,Pipes,B,,,W2.Pipes,W2.B,
W2.C1.220526,GGACTCAACTAA,GTGTGYCAGCMGCCGCGGTAA,12,F8,5/26/2022,Flushing,F1,AS.ND,1-Day,,,W2,Pipes,C,,,W2.Pipes,W2.C,
W3.A1.220526,CTTGATTCTTGA,GTGTGYCAGCMGCCGCGGTAA,1,C10,5/26/2022,Flushing,F1,AS.ND,1-Day,,,W3,Pipes,A,,,W3.Pipes,W3.A,
W3.B1.220526,GTAGATCGTGTA,GTGTGYCAGCMGCCGCGGTAA,15,C11,5/26/2022,Flushing,F1,AS.ND,1-Day,,,W3,Pipes,B,,,W3.Pipes,W3.B,
W3.C1.220526,GGTAGCGACGCC,GTGTGYCAGCMGCCGCGGTAA,12,F11,5/26/2022,Flushing,F1,AS.ND,1-Day,,,W3,Pipes,C,,,W3.Pipes,W3.C,
W4.A1.220526,GAAATCTTGAAG,GTGTGYCAGCMGCCGCGGTAA,1,C11,5/26/2022,Flushing,F1,AS.ND,1-Day,,,W4,Pipes,A,,,W4.Pipes,W4.A,
W4.B1.220526,ATGAGATGATAC,GTGTGYCAGCMGCCGCGGTAA,12,G1,5/26/2022,Flushing,F1,AS.ND,1-Day,,,W4,Pipes,B,,,W4.Pipes,W4.B,
W4.C1.220526,ATTAGCAGCGTA,GTGTGYCAGCMGCCGCGGTAA,12,G2,5/26/2022,Flushing,F1,AS.ND,1-Day,,,W4,Pipes,C,,,W4.Pipes,W4.C,
Ext.Blank_S2,CTGTCGTGTCAG,GTGTGYCAGCMGCCGCGGTAA,12,G3,5/26/2022,Flushing,F1,AS.ND,Blank,,,Blank,Blank,Blank,,,Blank,Blank,
W.TFBlank.220601,TTCAAGTTCGTT,GTGTGYCAGCMGCCGCGGTAA,12,G4,6/1/2022,Flushing,F2a,BF,Blank,,,Blank,Blank,Blank,,,Blank,Blank,
W0.220601,TCTGGGCATTGA,GTGTGYCAGCMGCCGCGGTAA,12,G5,6/1/2022,Flushing,F2a,BF,Influent,,,W0,Influent,W0,,,Influent,Influent,BF.Influent
W1.HE.220601,GCGGTACTACTA,GTGTGYCAGCMGCCGCGGTAA,12,G6,6/1/2022,Flushing,F2a,BF,1-Day,,,W1,Tank,HE,,,W1.Tank,W1.HE,
W3.HE.220601,GTCCTGACACTG,GTGTGYCAGCMGCCGCGGTAA,12,G7,6/1/2022,Flushing,F2a,BF,1-Week,,,W3,Tank,HE,,,W3.Tank,W3.HE,
W4.HE.220601,GATGACCCAAAT,GTGTGYCAGCMGCCGCGGTAA,12,G8,6/1/2022,Flushing,F2a,BF,1-Week,,,W4,Tank,HE,,,W4.Tank,W4.HE,BF.W4.HE
W2.HE.0G.220601,GACTAAGACTAA,GTGTGYCAGCMGCCGCGGTAA,12,G9,6/1/2022,Flushing,F2a,BF,1-Week,,,W2,Tank,HE,,,W2.Tank,W2.HE,BF.W2.HE
W2.HE.5G.220601,ATCACTCTTGTA,GTGTGYCAGCMGCCGCGGTAA,12,G10,6/1/2022,Flushing,F2b,RF,5-Gallon,,,W2,Tank,HE,,,W2.Tank,W2.HE,RF.5-Gallon
W2.HE.10G.220601,GTGTAGGTGCTT,GTGTGYCAGCMGCCGCGGTAA,12,G11,6/1/2022,Flushing,F2b,RF,10-Gallon,,,W2,Tank,HE,,,W2.Tank,W2.HE,RF.10-Gallon
W2.HE.20G.220601,AGTCTGTCTGCG,GTGTGYCAGCMGCCGCGGTAA,12,G12,6/1/2022,Flushing,F2b,RF,20-Gallon,,,W2,Tank,HE,,,W2.Tank,W2.HE,RF.20-Gallon
W2.HE.40G.220601,TGGGAGGTGGTA,GTGTGYCAGCMGCCGCGGTAA,12,H1,6/1/2022,Flushing,F2b,RF,40-Gallon,,,W2,Tank,HE,,,W2.Tank,W2.HE,RF.40-Gallon
W2.HE.60G.220601,TTGAGCTTGAGC,GTGTGYCAGCMGCCGCGGTAA,12,H2,6/1/2022,Flushing,F2b,RF,60-Gallon,,,W2,Tank,HE,,,W2.Tank,W2.HE,RF.60-Gallon
W2.HE.120G.220601,CTAGGATCACTG,GTGTGYCAGCMGCCGCGGTAA,12,H3,6/1/2022,Flushing,F2b,RF,120-Gallon,,,W2,Tank,HE,,,W2.Tank,W2.HE,RF.120-Gallon
W2.HE.180G.220601,ACGGGTCATCAT,GTGTGYCAGCMGCCGCGGTAA,12,H4,6/1/2022,Flushing,F2b,RF,180-Gallon,,,W2,Tank,HE,,,W2.Tank,W2.HE,RF.180-Gallon
W1.A1.220601,CACACTGAAGTC,GTGTGYCAGCMGCCGCGGTAA,12,H5,6/1/2022,Flushing,F2a,BF,1-Day,,,W1,Pipes,A,,,W1.Pipes,W1.A,
W1.B1.220601,ACCCACCACTAG,GTGTGYCAGCMGCCGCGGTAA,12,H6,6/1/2022,Flushing,F2a,BF,1-Day,,,W1,Pipes,B,,,W1.Pipes,W1.B,
W1.C1.220601,TCGACATCTCTT,GTGTGYCAGCMGCCGCGGTAA,12,H7,6/1/2022,Flushing,F2a,BF,1-Day,,,W1,Pipes,C,,,W1.Pipes,W1.C,
W2.A1.220601,ACGTGGTTCCAC,GTGTGYCAGCMGCCGCGGTAA,12,H8,6/1/2022,Flushing,F2a,BF,1-Week,,,W2,Pipes,A,,,W2.Pipes,W2.A,
W2.B1.220601,ATCAATTGTCCT,GTGTGYCAGCMGCCGCGGTAA,12,H9,6/1/2022,Flushing,F2a,BF,1-Week,,,W2,Pipes,B,,,W2.Pipes,W2.B,
W2.C1.220601,AGGCAGGGCCAT,GTGTGYCAGCMGCCGCGGTAA,12,H10,6/1/2022,Flushing,F2a,BF,1-Week,,,W2,Pipes,C,,,W2.Pipes,W2.C,
Ext.blank_S3_S4,CAACAGGTAACT,GTGTGYCAGCMGCCGCGGTAA,12,H11,6/1/2022,Flushing,F2a,BF,Blank,,,Blank,Blank,Blank,,,Blank,Blank,
W3.A1.220601,GCTGTTTGACCG,GTGTGYCAGCMGCCGCGGTAA,12,H12,6/1/2022,Flushing,F2a,BF,1-Week,,,W3,Pipes,A,,,W3.Pipes,W3.A,
W3.B1.220601,ACCTTACACCTT,GTGTGYCAGCMGCCGCGGTAA,1,D2,6/1/2022,Flushing,F2a,BF,1-Week,,,W3,Pipes,B,,,W3.Pipes,W3.B,
W3.C1.220601,TGCAGGGAACCG,GTGTGYCAGCMGCCGCGGTAA,14,A2,6/1/2022,Flushing,F2a,BF,1-Week,,,W3,Pipes,C,,,W3.Pipes,W3.C,
W4.A1.220601,TAATCTCGCCGG,GTGTGYCAGCMGCCGCGGTAA,1,D3,6/1/2022,Flushing,F2a,BF,1-Week,,,W4,Pipes,A,,,W4.Pipes,W4.A,
W4.B1.220601,ATCTAGTGGCAA,GTGTGYCAGCMGCCGCGGTAA,1,D4,6/1/2022,Flushing,F2a,BF,1-Week,,,W4,Pipes,B,,,W4.Pipes,W4.B,
W4.C1.220601,ACGCTTAACGAC,GTGTGYCAGCMGCCGCGGTAA,1,D5,6/1/2022,Flushing,F2a,BF,1-Week,,,W4,Pipes,C,,,W4.Pipes,W4.C,
W1.A1.10M.220601,TACGGATTATGG,GTGTGYCAGCMGCCGCGGTAA,1,D6,6/1/2022,Flushing,F2c,AF,10-Min,,,W1,Pipes,A,,,W1.Pipes,W1.A,
W1.B1.10M.220601,ATACATGCAAGA,GTGTGYCAGCMGCCGCGGTAA,1,D7,6/1/2022,Flushing,F2c,AF,10-Min,,,W1,Pipes,B,,,W1.Pipes,W1.B,
W1.C1.10M.220601,CTTAGTGCAGAA,GTGTGYCAGCMGCCGCGGTAA,1,D8,6/1/2022,Flushing,F2c,AF,10-Min,,,W1,Pipes,C,,,W1.Pipes,W1.C,
W2.ABC.10M.220601,AATCTTGCGCCG,GTGTGYCAGCMGCCGCGGTAA,1,D9,6/1/2022,Flushing,F2c,AF,10-Min,,,W2,Pipes,ABC,,,W2.Pipes,W2.ABC,AF.10Min.W2.ABC
W3.A1.10M.220601,AGGATCAGGGAA,GTGTGYCAGCMGCCGCGGTAA,1,D10,6/1/2022,Flushing,F2c,AF,10-Min,,,W3,Pipes,A,,,W3.Pipes,W3.A,
W3.B1.10M.220601,AATAACTAGGGT,GTGTGYCAGCMGCCGCGGTAA,1,D11,6/1/2022,Flushing,F2c,AF,10-Min,,,W3,Pipes,B,,,W3.Pipes,W3.B,
W3.C1.10M.220601,GCAGACGGAACC,GTGTGYCAGCMGCCGCGGTAA,14,A12,6/1/2022,Flushing,F2c,AF,10-Min,,,W3,Pipes,C,,,W3.Pipes,W3.C,
W4.A1.10M.220601,TGATGTGCTAAG,GTGTGYCAGCMGCCGCGGTAA,1,E1,6/1/2022,Flushing,F2c,AF,10-Min,,,W4,Pipes,A,,,W4.Pipes,W4.A,
W4.B1.10M.220601,GTAGTAGACCAT,GTGTGYCAGCMGCCGCGGTAA,1,E2,6/1/2022,Flushing,F2c,AF,10-Min,,,W4,Pipes,B,,,W4.Pipes,W4.B,
W4.C1.10M.220601,CGCCCGGGACAC,GTGTGYCAGCMGCCGCGGTAA,14,B3,6/1/2022,Flushing,F2c,AF,10-Min,,,W4,Pipes,C,,,W4.Pipes,W4.C,
W.TFBlank.220602,CGCTCTTAACGG,GTGTGYCAGCMGCCGCGGTAA,14,B4,6/2/2022,Flushing,F3,AF.ND,Blank,,,Blank,Blank,Blank,,,Blank,Blank,
W0.220602,TATTAGCCTATC,GTGTGYCAGCMGCCGCGGTAA,14,B5,6/2/2022,Flushing,F3,AF.ND,Influent,,,W0,Influent,W0,,,Influent,Influent,AF.Influent
W2.HE.220602,GTATTTCGGACG,GTGTGYCAGCMGCCGCGGTAA,14,B6,6/2/2022,Flushing,F3,AF.ND,1-Day,,,W2,Tank,HE,,,W2.Tank,W2.HE,AF.W2.HE
W3.HE.220602,ACTAGCGTTCAG,GTGTGYCAGCMGCCGCGGTAA,14,B7,6/2/2022,Flushing,F3,AF.ND,1-Day,,,W3,Tank,HE,,,W3.Tank,W3.HE,
W4.HE.220602,TCCGTATGCGCC,GTGTGYCAGCMGCCGCGGTAA,14,B8,6/2/2022,Flushing,F3,AF.ND,1-Day,,,W4,Tank,HE,,,W4.Tank,W4.HE,AF.W4.HE
W2.ABC.220602,AGGTTAAGTGCT,GTGTGYCAGCMGCCGCGGTAA,14,B9,6/2/2022,Flushing,F3,AF.ND,1-Day,,,W2,Pipes,ABC,,,W2.Pipes,W2.ABC,AF.W2.ABC
W3.A1.220602,GATTATCGACGA,GTGTGYCAGCMGCCGCGGTAA,14,B10,6/2/2022,Flushing,F3,AF.ND,1-Day,,,W3,Pipes,A,,,W3.Pipes,W3.A,
W3.B1.220602,GTCCCGTGAAAT,GTGTGYCAGCMGCCGCGGTAA,14,B11,6/2/2022,Flushing,F3,AF.ND,1-Day,,,W3,Pipes,B,,,W3.Pipes,W3.B,
W3.C1.220602,CTGACGATCCGT,GTGTGYCAGCMGCCGCGGTAA,14,B12,6/2/2022,Flushing,F3,AF.ND,1-Day,,,W3,Pipes,C,,,W3.Pipes,W3.C,
W4.A1.220602,AGTAAAGATCGT,GTGTGYCAGCMGCCGCGGTAA,1,E3,6/2/2022,Flushing,F3,AF.ND,1-Day,,,W4,Pipes,A,,,W4.Pipes,W4.A,AF.W4.A
W4.B1.220602,CTCGCCCTCGCC,GTGTGYCAGCMGCCGCGGTAA,1,E4,6/2/2022,Flushing,F3,AF.ND,1-Day,,,W4,Pipes,B,,,W4.Pipes,W4.B,AF.W4.B
W4.C1.220602,CTCGGATAGATC,GTGTGYCAGCMGCCGCGGTAA,14,C3,6/2/2022,Flushing,F3,AF.ND,1-Day,,,W4,Pipes,C,,,W4.Pipes,W4.C,AF.W4.C
W.TFBlank.220608,TAAACAATCAGG,GTGTGYCAGCMGCCGCGGTAA,14,C4,6/8/2022,Flushing,F4,WF,Blank,,,Blank,Blank,Blank,,,Blank,Blank,
W0.220608,ACTAGACGACTA,GTGTGYCAGCMGCCGCGGTAA,14,C5,6/8/2022,Flushing,F4,WF,Influent,,,W0,Influent,W0,,,Influent,Influent,
W1.HE.220608,GTAATGCGTAAC,GTGTGYCAGCMGCCGCGGTAA,14,C6,6/8/2022,Flushing,F4,WF,1-Day,,,W1,Tank,HE,,,W1.Tank,W1.HE,
W2.HE.220608,CGCGTTCCCAGT,GTGTGYCAGCMGCCGCGGTAA,14,C7,6/8/2022,Flushing,F4,WF,1-Week,,,W2,Tank,HE,,,W2.Tank,W2.HE,
W3.HE.220608,TGTACCAACCGA,GTGTGYCAGCMGCCGCGGTAA,14,C8,6/8/2022,Flushing,F4,WF,1-Week,,,W3,Tank,HE,,,W3.Tank,W3.HE,
W4.HE.220608,GTATGGAGCTAT,GTGTGYCAGCMGCCGCGGTAA,14,C9,6/8/2022,Flushing,F4,WF,1-Week,,,W4,Tank,HE,,,W4.Tank,W4.HE,
W1.A1.220608,CGGGCTTCATCA,GTGTGYCAGCMGCCGCGGTAA,14,C10,6/8/2022,Flushing,F4,WF,1-Day,,,W1,Pipes,A,,,W1.Pipes,W1.A,
W1.B1.220608,TGCCATTAGAGC,GTGTGYCAGCMGCCGCGGTAA,14,C11,6/8/2022,Flushing,F4,WF,1-Day,,,W1,Pipes,B,,,W1.Pipes,W1.B,
W1.C1.220608,CCGATCTCCGAC,GTGTGYCAGCMGCCGCGGTAA,14,C12,6/8/2022,Flushing,F4,WF,1-Day,,,W1,Pipes,C,,,W1.Pipes,W1.C,
W2.ABC.220608,GCAGCGGTGGCT,GTGTGYCAGCMGCCGCGGTAA,14,D1,6/8/2022,Flushing,F4,WF,1-Week,,,W2,Pipes,ABC,,,W2.Pipes,W2.ABC,
W3.A1.220608,TAGCGGAAGACG,GTGTGYCAGCMGCCGCGGTAA,14,D2,6/8/2022,Flushing,F4,WF,1-Week,,,W3,Pipes,A,,,W3.Pipes,W3.A,
W3.B1.220608,TCTCTTTCGACA,GTGTGYCAGCMGCCGCGGTAA,1,E5,6/8/2022,Flushing,F4,WF,1-Week,,,W3,Pipes,B,,,W3.Pipes,W3.B,
W3.C1.220608,TAGTTACTAGTT,GTGTGYCAGCMGCCGCGGTAA,14,D4,6/8/2022,Flushing,F4,WF,1-Week,,,W3,Pipes,C,,,W3.Pipes,W3.C,
W4.A1.220608,ACATACTGAGCA,GTGTGYCAGCMGCCGCGGTAA,1,E6,6/8/2022,Flushing,F4,WF,1-Week,,,W4,Pipes,A,,,W4.Pipes,W4.A,
W4.B1.220608,GTTGATACGATG,GTGTGYCAGCMGCCGCGGTAA,1,E7,6/8/2022,Flushing,F4,WF,1-Week,,,W4,Pipes,B,,,W4.Pipes,W4.B,
W4.C1.220608,CCGGTCCGGGCA,GTGTGYCAGCMGCCGCGGTAA,14,D7,6/8/2022,Flushing,F4,WF,1-Week,,,W4,Pipes,C,,,W4.Pipes,W4.C,
Ext.blank_S5_S6,CAGCCGCATATC,GTGTGYCAGCMGCCGCGGTAA,14,D8,6/15/2022,Flushing,F5,WF,Blank,,,Blank,Blank,Blank,,,Blank,Blank,
W.TFBlank.220615,GCGTCGGTACGG,GTGTGYCAGCMGCCGCGGTAA,14,D9,6/15/2022,Flushing,F5,WF,Blank,,,Blank,Blank,Blank,,,Blank,Blank,
W0.220615,AGTGACTGTCAA,GTGTGYCAGCMGCCGCGGTAA,14,D10,6/15/2022,Flushing,F5,WF,Influent,,,W0,Influent,W0,,,Influent,Influent,
W1.HE.220615,CGTGTGTGCTCA,GTGTGYCAGCMGCCGCGGTAA,14,D11,6/15/2022,Flushing,F5,WF,1-Day,,,W1,Tank,HE,,,W1.Tank,W1.HE,
W2.HE.220615,ACTTACGCCACG,GTGTGYCAGCMGCCGCGGTAA,14,D12,6/15/2022,Flushing,F5,WF,1-Week,,,W2,Tank,HE,,,W2.Tank,W2.HE,
W3.HE.220615,GTAACCACCACC,GTGTGYCAGCMGCCGCGGTAA,14,E1,6/15/2022,Flushing,F5,WF,1-Week,,,W3,Tank,HE,,,W3.Tank,W3.HE,
W4.HE.220615,CTGTGTCCATGG,GTGTGYCAGCMGCCGCGGTAA,14,E2,6/15/2022,Flushing,F5,WF,1-Week,,,W4,Tank,HE,,,W4.Tank,W4.HE,
W1.A1.220615,TGAAGTCACAGT,GTGTGYCAGCMGCCGCGGTAA,14,E3,6/15/2022,Flushing,F5,WF,1-Day,,,W1,Pipes,A,,,W1.Pipes,W1.A,
W1.B1.220615,GTCAACGCTGTC,GTGTGYCAGCMGCCGCGGTAA,1,E8,6/15/2022,Flushing,F5,WF,1-Day,,,W1,Pipes,B,,,W1.Pipes,W1.B,
W1.C1.220615,GATGAGTCGCGG,GTGTGYCAGCMGCCGCGGTAA,14,E5,6/15/2022,Flushing,F5,WF,1-Day,,,W1,Pipes,C,,,W1.Pipes,W1.C,
W2.A1.220615,GTGCTCTGTGCC,GTGTGYCAGCMGCCGCGGTAA,14,E6,6/15/2022,Flushing,F5,WF,1-Week,,,W2,Pipes,A,,,W2.Pipes,W2.A,
W2.B1.220615,TAACACACTTAT,GTGTGYCAGCMGCCGCGGTAA,14,E7,6/15/2022,Flushing,F5,WF,1-Week,,,W2,Pipes,B,,,W2.Pipes,W2.B,
W2.C1.220615,TGAGACCCTACA,GTGTGYCAGCMGCCGCGGTAA,1,E9,6/15/2022,Flushing,F5,WF,1-Week,,,W2,Pipes,C,,,W2.Pipes,W2.C,
W3.A1.220615,GCCCGACATATA,GTGTGYCAGCMGCCGCGGTAA,14,E9,6/15/2022,Flushing,F5,WF,1-Week,,,W3,Pipes,A,,,W3.Pipes,W3.A,
W3.B1.220615,ACTTGGTGTAAG,GTGTGYCAGCMGCCGCGGTAA,1,E10,6/15/2022,Flushing,F5,WF,1-Week,,,W3,Pipes,B,,,W3.Pipes,W3.B,
W3.C1.220615,AGCTAAATGGAT,GTGTGYCAGCMGCCGCGGTAA,14,E11,6/15/2022,Flushing,F5,WF,1-Week,,,W3,Pipes,C,,,W3.Pipes,W3.C,
W4.A1.220615,AGTTACGAGCTA,GTGTGYCAGCMGCCGCGGTAA,14,E12,6/15/2022,Flushing,F5,WF,1-Week,,,W4,Pipes,A,,,W4.Pipes,W4.A,
W4.B1.220615,ATTACGTATCAT,GTGTGYCAGCMGCCGCGGTAA,1,E11,6/15/2022,Flushing,F5,WF,1-Week,,,W4,Pipes,B,,,W4.Pipes,W4.B,
W4.C1.220615,CACGCAGTCTAC,GTGTGYCAGCMGCCGCGGTAA,1,E12,6/15/2022,Flushing,F5,WF,1-Week,,,W4,Pipes,C,,,W4.Pipes,W4.C,
W.TFBlank.220622,GAATACCAAGTC,GTGTGYCAGCMGCCGCGGTAA,14,F3,6/22/2022,Flushing,F6,WF,Blank,,,Blank,Blank,Blank,,,Blank,Blank,
W0.220622,CATGTGCTTAGG,GTGTGYCAGCMGCCGCGGTAA,14,F4,6/22/2022,Flushing,F6,WF,Influent,,,W0,Influent,W0,,,Influent,Influent,
W1.HE.220622,TGACCTCAAGAC,GTGTGYCAGCMGCCGCGGTAA,14,F5,6/22/2022,Flushing,F6,WF,1-Day,,,W1,Tank,HE,,,W1.Tank,W1.HE,
W2.HE.220622,TGTGCACGCCAT,GTGTGYCAGCMGCCGCGGTAA,1,F1,6/22/2022,Flushing,F6,WF,1-Week,,,W2,Tank,HE,,,W2.Tank,W2.HE,
W3.HE.220622,CCGGACAAGAAG,GTGTGYCAGCMGCCGCGGTAA,1,F2,6/22/2022,Flushing,F6,WF,1-Week,,,W3,Tank,HE,,,W3.Tank,W3.HE,
W4.HE.220622,TTGCTGGACGCT,GTGTGYCAGCMGCCGCGGTAA,1,F3,6/22/2022,Flushing,F6,WF,1-Week,,,W4,Tank,HE,,,W4.Tank,W4.HE,
W1.A1.220622,GACGATCGGGCC,GTGTGYCAGCMGCCGCGGTAA,14,F9,6/22/2022,Flushing,F6,WF,1-Day,,,W1,Pipes,A,,,W1.Pipes,W1.A,
W1.B1.220622,GGTTGTAAGTGT,GTGTGYCAGCMGCCGCGGTAA,14,F10,6/22/2022,Flushing,F6,WF,1-Day,,,W1,Pipes,B,,,W1.Pipes,W1.B,
W1.C1.220622,CATGGGTGTTAC,GTGTGYCAGCMGCCGCGGTAA,14,F11,6/22/2022,Flushing,F6,WF,1-Day,,,W1,Pipes,C,,,W1.Pipes,W1.C,
W2.A1.220622,GTGCATTCGCCA,GTGTGYCAGCMGCCGCGGTAA,14,F12,6/22/2022,Flushing,F6,WF,1-Week,,,W2,Pipes,A,,,W2.Pipes,W2.A,
W2.B1.220622,CGATCCGATCTG,GTGTGYCAGCMGCCGCGGTAA,14,G1,6/22/2022,Flushing,F6,WF,1-Week,,,W2,Pipes,B,,,W2.Pipes,W2.B,
W2.C1.220622,TCCTGAACACAG,GTGTGYCAGCMGCCGCGGTAA,14,G2,6/22/2022,Flushing,F6,WF,1-Week,,,W2,Pipes,C,,,W2.Pipes,W2.C,
W3.A1.220622,TAAACGCGACTC,GTGTGYCAGCMGCCGCGGTAA,14,G3,6/22/2022,Flushing,F6,WF,1-Week,,,W3,Pipes,A,,,W3.Pipes,W3.A,
W3.B1.220622,TACTAACGCGGT,GTGTGYCAGCMGCCGCGGTAA,1,F4,6/22/2022,Flushing,F6,WF,1-Week,,,W3,Pipes,B,,,W3.Pipes,W3.B,
W3.C1.220622,GCGATCACACCT,GTGTGYCAGCMGCCGCGGTAA,1,F5,6/22/2022,Flushing,F6,WF,1-Week,,,W3,Pipes,C,,,W3.Pipes,W3.C,
W4.A1.220622,CAAACGCACTAA,GTGTGYCAGCMGCCGCGGTAA,1,F6,6/22/2022,Flushing,F6,WF,1-Week,,,W4,Pipes,A,,,W4.Pipes,W4.A,
W4.B1.220622,GGCCTGGCCTGG,GTGTGYCAGCMGCCGCGGTAA,14,G7,6/22/2022,Flushing,F6,WF,1-Week,,,W4,Pipes,B,,,W4.Pipes,W4.B,
W4.C1.220622,AGCAAGGTCTTC,GTGTGYCAGCMGCCGCGGTAA,14,G8,6/22/2022,Flushing,F6,WF,1-Week,,,W4,Pipes,C,,,W4.Pipes,W4.C,
Ext.blank_S7_S8,TACCGGCTTGCA,GTGTGYCAGCMGCCGCGGTAA,14,G9,6/22/2022,Flushing,F6,WF,Blank,,,Blank,Blank,Blank,,,Blank,Blank,
W.TFBlank.220629,AATGATAGATGC,GTGTGYCAGCMGCCGCGGTAA,14,G10,6/29/2022,Flushing,F7,WF,Blank,,,Blank,Blank,Blank,,,Blank,Blank,
W0.220629,AATCAACTAGGC,GTGTGYCAGCMGCCGCGGTAA,14,G11,6/29/2022,Flushing,F7,WF,Influent,,,W0,Influent,W0,,,Influent,Influent,
W1.HE.220629,CTATGGTGAACC,GTGTGYCAGCMGCCGCGGTAA,14,G12,6/29/2022,Flushing,F7,WF,1-Day,,,W1,Tank,HE,,,W1.Tank,W1.HE,
W2.HE.220629,ATCTAAGTTACT,GTGTGYCAGCMGCCGCGGTAA,14,H1,6/29/2022,Flushing,F7,WF,1-Week,,,W2,Tank,HE,,,W2.Tank,W2.HE,
W3.HE.220629,TCGGGTGAGGCC,GTGTGYCAGCMGCCGCGGTAA,14,H2,6/29/2022,Flushing,F7,WF,1-Week,,,W3,Tank,HE,,,W3.Tank,W3.HE,
W4.HE.220629,ACGATCATCTGG,GTGTGYCAGCMGCCGCGGTAA,14,H3,6/29/2022,Flushing,F7,WF,1-Week,,,W4,Tank,HE,,,W4.Tank,W4.HE,
W1.A1.220629,GTGGATAAACTC,GTGTGYCAGCMGCCGCGGTAA,14,H4,6/29/2022,Flushing,F7,WF,1-Day,,,W1,Pipes,A,,,W1.Pipes,W1.A,
W1.B1.220629,CAAGAGCGGATG,GTGTGYCAGCMGCCGCGGTAA,14,H5,6/29/2022,Flushing,F7,WF,1-Day,,,W1,Pipes,B,,,W1.Pipes,W1.B,
W1.C1.220629,GATTGAACGCTA,GTGTGYCAGCMGCCGCGGTAA,14,H6,6/29/2022,Flushing,F7,WF,1-Day,,,W1,Pipes,C,,,W1.Pipes,W1.C,
W2.A1.220629,GAGCACGCACGC,GTGTGYCAGCMGCCGCGGTAA,14,H7,6/29/2022,Flushing,F7,WF,1-Week,,,W2,Pipes,A,,,W2.Pipes,W2.A,
W2.B1.220629,CGGCTACTATGC,GTGTGYCAGCMGCCGCGGTAA,14,H8,6/29/2022,Flushing,F7,WF,1-Week,,,W2,Pipes,B,,,W2.Pipes,W2.B,
W2.C1.220629,CAATACGACCGT,GTGTGYCAGCMGCCGCGGTAA,14,H9,6/29/2022,Flushing,F7,WF,1-Week,,,W2,Pipes,C,,,W2.Pipes,W2.C,
W3.A1.220629,GACGAGGTCGGT,GTGTGYCAGCMGCCGCGGTAA,14,H10,6/29/2022,Flushing,F7,WF,1-Week,,,W3,Pipes,A,,,W3.Pipes,W3.A,
W3.B1.220629,ACAAGGCAAGGC,GTGTGYCAGCMGCCGCGGTAA,14,H11,6/29/2022,Flushing,F7,WF,1-Week,,,W3,Pipes,B,,,W3.Pipes,W3.B,
W3.C1.220629,GAAGAGGGTTGA,GTGTGYCAGCMGCCGCGGTAA,1,F7,6/29/2022,Flushing,F7,WF,1-Week,,,W3,Pipes,C,,,W3.Pipes,W3.C,
W4.A1.220629,GTGTTGTCGTGC,GTGTGYCAGCMGCCGCGGTAA,13,D1,6/29/2022,Flushing,F7,WF,1-Week,,,W4,Pipes,A,,,W4.Pipes,W4.A,
W4.B1.220629,GTTATGACGGAT,GTGTGYCAGCMGCCGCGGTAA,13,D2,6/29/2022,Flushing,F7,WF,1-Week,,,W4,Pipes,B,,,W4.Pipes,W4.B,
W4.C1.220629,GCTCAGGACTCT,GTGTGYCAGCMGCCGCGGTAA,13,D3,6/29/2022,Flushing,F7,WF,1-Week,,,W4,Pipes,C,,,W4.Pipes,W4.C,
W.TFBlank.220706,TAGTACTATACT,GTGTGYCAGCMGCCGCGGTAA,13,D4,7/6/2022,Flushing,F8,DF,Blank,,,Blank,Blank,Blank,,,Blank,Blank,
W0.220706,ATAGCACCAGAT,GTGTGYCAGCMGCCGCGGTAA,13,D5,7/6/2022,Flushing,F8,DF,Influent,,,W0,Influent,W0,,,Influent,Influent,
W1.HE.220706,GTGAACTGGATT,GTGTGYCAGCMGCCGCGGTAA,13,D6,7/6/2022,Flushing,F8,DF,1-Day,,,W1,Tank,HE,,,W1.Tank,W1.HE,
W2.HE.220706,ATTCGAGCTGTG,GTGTGYCAGCMGCCGCGGTAA,13,D7,7/6/2022,Flushing,F8,DF,1-Day,,,W2,Tank,HE,,,W2.Tank,W2.HE,
W3.HE.220706,ATAAGGTCGCCT,GTGTGYCAGCMGCCGCGGTAA,13,D8,7/6/2022,Flushing,F8,DF,1-Day,,,W3,Tank,HE,,,W3.Tank,W3.HE,
W4.HE.220706,CGGGATCAAATT,GTGTGYCAGCMGCCGCGGTAA,13,D9,7/6/2022,Flushing,F8,DF,1-Day,,,W4,Tank,HE,,,W4.Tank,W4.HE,
W1.A1.220706,GGTGAGCAAGCA,GTGTGYCAGCMGCCGCGGTAA,1,G1,7/6/2022,Flushing,F8,DF,1-Day,,,W1,Pipes,A,,,W1.Pipes,W1.A,
W1.B1.220706,TCGCCTATAAGG,GTGTGYCAGCMGCCGCGGTAA,13,D11,7/6/2022,Flushing,F8,DF,1-Day,,,W1,Pipes,B,,,W1.Pipes,W1.B,
W1.C1.220706,ATCAAACGCATG,GTGTGYCAGCMGCCGCGGTAA,13,D12,7/6/2022,Flushing,F8,DF,1-Day,,,W1,Pipes,C,,,W1.Pipes,W1.C,
W2.A1.220706,TTGCTCAATTTG,GTGTGYCAGCMGCCGCGGTAA,13,E1,7/6/2022,Flushing,F8,DF,1-Day,,,W2,Pipes,A,,,W2.Pipes,W2.A,
W2.B1.220706,TCGTCCTCGCGA,GTGTGYCAGCMGCCGCGGTAA,13,E2,7/6/2022,Flushing,F8,DF,1-Day,,,W2,Pipes,B,,,W2.Pipes,W2.B,
W2.C1.220706,TAAATATACCCT,GTGTGYCAGCMGCCGCGGTAA,1,G2,7/6/2022,Flushing,F8,DF,1-Day,,,W2,Pipes,C,,,W2.Pipes,W2.C,
W3.A1.220706,TCACGTATTCTC,GTGTGYCAGCMGCCGCGGTAA,13,E4,7/6/2022,Flushing,F8,DF,1-Day,,,W3,Pipes,A,,,W3.Pipes,W3.A,
W3.B1.220706,TGACCGGCTGTT,GTGTGYCAGCMGCCGCGGTAA,13,E5,7/6/2022,Flushing,F8,DF,1-Day,,,W3,Pipes,B,,,W3.Pipes,W3.B,
W3.C1.220706,CATCCCTCTACT,GTGTGYCAGCMGCCGCGGTAA,13,E6,7/6/2022,Flushing,F8,DF,1-Day,,,W3,Pipes,C,,,W3.Pipes,W3.C,
W4.A1.220706,TCGCATGGATAC,GTGTGYCAGCMGCCGCGGTAA,13,E7,7/6/2022,Flushing,F8,DF,1-Day,,,W4,Pipes,A,,,W4.Pipes,W4.A,
W4.B1.220706,TTGCGGACCCTA,GTGTGYCAGCMGCCGCGGTAA,1,G3,7/6/2022,Flushing,F8,DF,1-Day,,,W4,Pipes,B,,,W4.Pipes,W4.B,
W4.C1.220706,AGTTTAATCTCA,GTGTGYCAGCMGCCGCGGTAA,13,E9,7/6/2022,Flushing,F8,DF,1-Day,,,W4,Pipes,C,,,W4.Pipes,W4.C,
Ext.blank_S9_S10,CAGAGAACTTAA,GTGTGYCAGCMGCCGCGGTAA,13,E10,7/6/2022,Flushing,F8,DF,Blank,,,Blank,Blank,Blank,,,Blank,Blank,
W.TB.220713,CACTAACAAACG,GTGTGYCAGCMGCCGCGGTAA,13,E11,7/13/2022,Flushing,F9,DF,Blank,,,Blank,Blank,Blank,,,Blank,Blank,
W.FB.220713,AACAACGGCCGG,GTGTGYCAGCMGCCGCGGTAA,13,E12,7/13/2022,Flushing,F9,DF,Blank,,,Blank,Blank,Blank,,,Blank,Blank,
W0.220713,TGGGCCGGAATG,GTGTGYCAGCMGCCGCGGTAA,15,G4,7/13/2022,Flushing,F9,DF,Influent,,,W0,Influent,W0,,,Influent,Influent,
W1.HE.220713,ACGCAATGTCTG,GTGTGYCAGCMGCCGCGGTAA,13,F2,7/13/2022,Flushing,F9,DF,1-Day,,,W1,Tank,HE,,,W1.Tank,W1.HE,
W2.HE.220713,GCTCCGACCATA,GTGTGYCAGCMGCCGCGGTAA,13,F3,7/13/2022,Flushing,F9,DF,1-Day,,,W2,Tank,HE,,,W2.Tank,W2.HE,
W3.HE.220713,ACAATAGACACC,GTGTGYCAGCMGCCGCGGTAA,13,F4,7/13/2022,Flushing,F9,DF,1-Day,,,W3,Tank,HE,,,W3.Tank,W3.HE,
W4.HE.220713,GCGAACCTATAC,GTGTGYCAGCMGCCGCGGTAA,13,F5,7/13/2022,Flushing,F9,DF,1-Day,,,W4,Tank,HE,,,W4.Tank,W4.HE,
W1.A1.220713,CTTGGCCTGTAG,GTGTGYCAGCMGCCGCGGTAA,13,F6,7/13/2022,Flushing,F9,DF,1-Day,,,W1,Pipes,A,,,W1.Pipes,W1.A,
W1.B1.220713,GGCGCCATCTCT,GTGTGYCAGCMGCCGCGGTAA,13,F7,7/13/2022,Flushing,F9,DF,1-Day,,,W1,Pipes,B,,,W1.Pipes,W1.B,
W1.C1.220713,CACCCACGTTGA,GTGTGYCAGCMGCCGCGGTAA,13,F8,7/13/2022,Flushing,F9,DF,1-Day,,,W1,Pipes,C,,,W1.Pipes,W1.C,
W2.A1.220713,TGTCAAAGTGAC,GTGTGYCAGCMGCCGCGGTAA,1,G12,7/13/2022,Flushing,F9,DF,1-Day,,,W2,Pipes,A,,,W2.Pipes,W2.A,
W2.B1.220713,AAGAGCAGAGCC,GTGTGYCAGCMGCCGCGGTAA,13,F10,7/13/2022,Flushing,F9,DF,1-Day,,,W2,Pipes,B,,,W2.Pipes,W2.B,
W2.C1.220713,AAGGCCTTTACG,GTGTGYCAGCMGCCGCGGTAA,13,F11,7/13/2022,Flushing,F9,DF,1-Day,,,W2,Pipes,C,,,W2.Pipes,W2.C,
W3.A1.220713,TCACTTGGTGCG,GTGTGYCAGCMGCCGCGGTAA,13,F12,7/13/2022,Flushing,F9,DF,1-Day,,,W3,Pipes,A,,,W3.Pipes,W3.A,
W3.B1.220713,GCTGTACGGATT,GTGTGYCAGCMGCCGCGGTAA,13,G1,7/13/2022,Flushing,F9,DF,1-Day,,,W3,Pipes,B,,,W3.Pipes,W3.B,
W3.C1.220713,TATCGCGCGATA,GTGTGYCAGCMGCCGCGGTAA,13,G2,7/13/2022,Flushing,F9,DF,1-Day,,,W3,Pipes,C,,,W3.Pipes,W3.C,
W4.A1.220713,CTTATTAAACGT,GTGTGYCAGCMGCCGCGGTAA,1,G9,7/13/2022,Flushing,F9,DF,1-Day,,,W4,Pipes,A,,,W4.Pipes,W4.A,
W4.B1.220713,CGAGACCTGGGC,GTGTGYCAGCMGCCGCGGTAA,13,G4,7/13/2022,Flushing,F9,DF,1-Day,,,W4,Pipes,B,,,W4.Pipes,W4.B,
W4.C1.220713,ATAAGTAACCGC,GTGTGYCAGCMGCCGCGGTAA,13,G5,7/13/2022,Flushing,F9,DF,1-Day,,,W4,Pipes,C,,,W4.Pipes,W4.C,
W.TFBlank.220522,TTGACCGCGGTT,GTGTGYCAGCMGCCGCGGTAA,13,G6,5/22/2022,Misc,,,Blank,,,Blank,,,,,,,
W0.4L.230522,GCACCCTGGTCT,GTGTGYCAGCMGCCGCGGTAA,13,G7,5/22/2022,Misc,,,,,,W0,,,,,,,
W0.8-12-16L.230522,TATTTGATTGGT,GTGTGYCAGCMGCCGCGGTAA,1,G11,5/22/2022,Misc,,,,,,W0,,,,,,,
Ext.blank_W01,CTATCATCCTCA,GTGTGYCAGCMGCCGCGGTAA,13,G9,5/22/2022,Misc,,,,,,Blank,,,,,,,
